{
  "optimal_temperature": 0.9000000000000002,
  "ece": 0.005355631668575333,
  "entropy_threshold": 0.0017272046728981489
}