{
  "n_folds": 5,
  "mean_accuracy": 0.9391304347826088,
  "std_accuracy": 0.011773968702370958,
  "best_fold": 2,
  "best_accuracy": 0.9565217391304348,
  "per_fold_accuracy": [
    0.927536231884058,
    0.927536231884058,
    0.9565217391304348,
    0.9492753623188406,
    0.9347826086956522
  ],
  "per_class_metrics": {
    "SAFE": {
      "precision_mean": 0.9149927591788056,
      "precision_std": 0.03030359873300193,
      "recall_mean": 0.9694871794871796,
      "recall_std": 0.01925895370549437,
      "f1_mean": 0.941198188626928,
      "f1_std": 0.020855061256230358
    },
    "CAUTION": {
      "precision_mean": 0.9317124361026801,
      "precision_std": 0.028222879429186446,
      "recall_mean": 0.9063427800269904,
      "recall_std": 0.04184710992474911,
      "f1_mean": 0.9180184780047794,
      "f1_std": 0.023524230143556438
    },
    "DANGEROUS": {
      "precision_mean": 0.9477512406947891,
      "precision_std": 0.02392565382228683,
      "recall_mean": 0.9533333333333334,
      "recall_std": 0.06182412330330468,
      "f1_mean": 0.9492747601420263,
      "f1_std": 0.03386109130004095
    },
    "MALICIOUS": {
      "precision_mean": 0.9799539170506912,
      "precision_std": 0.02618630902336476,
      "recall_mean": 0.9266666666666665,
      "recall_std": 0.03265986323710904,
      "f1_mean": 0.9519283688905317,
      "f1_std": 0.017017512197296
    }
  }
}