{
  "n_folds": 5,
  "mean_accuracy": 0.9391304347826088,
  "std_accuracy": 0.011773968702370958,
  "best_fold": 2,
  "best_accuracy": 0.9565217391304348,
  "per_fold_accuracy": [
    0.927536231884058,
    0.927536231884058,
    0.9565217391304348,
    0.9492753623188406,
    0.9347826086956522
  ]
}