{
  "n_folds": 5,
  "mean_accuracy": 0.9481481481481481,
  "std_accuracy": 0.013857990321384949,
  "best_fold": 0,
  "best_accuracy": 0.9722222222222222,
  "per_fold_accuracy": [
    0.9722222222222222,
    0.9351851851851852,
    0.9351851851851852,
    0.9537037037037037,
    0.9444444444444444
  ]
}