{
  "n_folds": 5,
  "mean_accuracy": 0.5669354838709678,
  "std_accuracy": 0.09690557278309848,
  "best_fold": 4,
  "best_accuracy": 0.7096774193548387,
  "per_fold_accuracy": [
    0.5625,
    0.59375,
    0.5625,
    0.40625,
    0.7096774193548387
  ],
  "per_class_metrics": {
    "SAFE": {
      "precision_mean": 0.564098124098124,
      "precision_std": 0.09616720264958778,
      "recall_mean": 0.5666666666666667,
      "recall_std": 0.11055415967851333,
      "f1_mean": 0.5533408620365142,
      "f1_std": 0.06134583512570311
    },
    "CAUTION": {
      "precision_mean": 0.6717203848782797,
      "precision_std": 0.07557229084273101,
      "recall_mean": 0.5789473684210525,
      "recall_std": 0.20519567041703082,
      "f1_mean": 0.6032857707119581,
      "f1_std": 0.1565426125502054
    },
    "DANGEROUS": {
      "precision_mean": 0.025,
      "precision_std": 0.05000000000000001,
      "recall_mean": 0.2,
      "recall_std": 0.4000000000000001,
      "f1_mean": 0.04444444444444444,
      "f1_std": 0.08888888888888888
    }
  }
}