{
  "n_folds": 5,
  "mean_accuracy": 0.679897725268912,
  "std_accuracy": 0.024608321092063574,
  "best_fold": 1,
  "best_accuracy": 0.7264150943396226,
  "per_fold_accuracy": [
    0.6542056074766355,
    0.7264150943396226,
    0.6698113207547169,
    0.6792452830188679,
    0.6698113207547169
  ],
  "per_class_metrics": {
    "SAFE": {
      "precision_mean": 0.5646027807318129,
      "precision_std": 0.037783900500073256,
      "recall_mean": 0.6176470588235294,
      "recall_std": 0.12616241523251306,
      "f1_mean": 0.5854967286841575,
      "f1_std": 0.07548213405235962
    },
    "CAUTION": {
      "precision_mean": 0.7249896462467644,
      "precision_std": 0.04649956160536437,
      "recall_mean": 0.6775681341719078,
      "recall_std": 0.06272763392602924,
      "f1_mean": 0.6965182703147741,
      "f1_std": 0.02228213584739719
    },
    "DANGEROUS": {
      "precision_mean": 0.8021848739495798,
      "precision_std": 0.07294442739985749,
      "recall_mean": 0.7982456140350878,
      "recall_std": 0.05023796864307493,
      "f1_mean": 0.7993426393426393,
      "f1_std": 0.05669742000068481
    }
  }
}